model,variable,coef,se,t_stat,p_value,ci_lo,ci_hi,stars
REM_M1,const,-3.2829739806904663,2.380732144673822,-1.3789766261757508,0.167938892224045,-7.94979963279061,1.3838516714096767,
REM_M1,ln_gdppc_org,0.6030564841053375,0.07097246479640848,8.497048620690638,0.0,0.46393284516693334,0.7421801230437417,***
REM_M1,ln_gdppc_des,0.029713020861013514,0.07602182937894045,0.39084853789699264,0.6959191652655035,-0.11930862538295198,0.178734667104979,
REM_M1,ln_pop_org,0.21468799992323753,0.13496309691132466,1.590716313099238,0.11171128551153431,-0.04987315373772652,0.4792491535842016,
REM_M1,ln_pop_des,0.10905868125105717,0.09543062168974004,1.1428059392259238,0.253151933938383,-0.07800901315290967,0.296126375655024,
REM_M1,ln_dist,0.021623451094732,0.11225627741115182,0.19262576306119225,0.8472567507503763,-0.1984267028898981,0.24167360507936209,
REM_M1,comlang_off,1.1700608442571083,0.3086748397147797,3.79059351043403,0.00015134558150808886,0.5649815776283136,1.775140110885903,***
REM_M1,contig,1.5670317715652369,0.3740542464139506,4.189316888093998,2.826745279937981e-05,0.8337926474802471,2.3002708956502267,***
REM_M1,colony,1.4437950511398203,0.7063095534747804,2.044139207854241,0.0409710961695533,0.059253094223827185,2.8283370080558132,**
